class_id,binary_auc,ovr_auc
0,0.9146341463414636,0.9146341463414634
1,0.8411458333333333,0.7960069444444444
2,0.7617021276595745,0.774468085106383
